Metrics,KNN,LR,NB,DT,RF,GB
Accuracy,0.5029564508128256,0.5137034169303317,0.5061484025091552,0.50082558512365,0.501729596938042,0.5096814166916401
Precision,0.5028354512361449,0.5134741432404587,0.5070852853385159,0.5007563879481778,0.5026566624839776,0.5094544625814583
Recall,0.5028333365556928,0.5129519172113219,0.5069343958444854,0.5007564114138614,0.5025496166345579,0.5087394450586956
F1_score,0.5028529639448498,0.5096671865881174,0.5011533822816759,0.500797108843873,0.496899192271835,0.5028661142172941
AUC_ROC,0.5044055846373208,0.5169307218751189,0.5112982036478286,0.5007564114138614,0.5033842792921963,0.5135618089154915
